time,id,x,y,z,rad,timeLife,mass,temp,charge
0,0,5,1,5,0.455328,0.5,0.207324,472.002,-0.641083
0.5,0,4.94155,1.09821,4.67599,0.514238,1,0.264441,679.929,-0.223728
1,0,4.95625,1.28163,4.33712,0.514238,1.5,0.264441,679.929,-0.223728
1,1,5,1,5,0.0478647,0.5,0.00229103,0.548298,-0.428818
1.5,0,4.97096,1.46505,3.99826,0.514238,2,0.264441,679.929,-0.223728
1.5,1,4.99722,1.00269,4.99723,0.324886,1,0.105551,171.461,-1.24479
2,0,4.98566,1.64846,3.6594,0.514238,2.5,0.264441,679.929,-0.223728
2,1,5.00619,1.04898,4.49517,0.324886,1.5,0.105551,171.461,-1.24479
2,2,5,1,5,0.311565,0.5,0.0970726,151.222,-0.403022
2.5,0,5.00036,1.83188,3.32053,0.514238,3,0.264441,679.929,-0.223728
2.5,1,5.01516,1.09527,3.9931,0.324886,2,0.105551,171.461,-1.24479
2.5,2,5.12999,1.07089,5.29679,0.311565,1,0.0970726,151.222,-0.403022
2.5,3,5,1,5,0.246011,0.5,0.0605216,74.4451,-0.928477
3,0,5.01506,2.0153,2.98167,0.514238,3.5,0.264441,679.929,-0.223728
3,1,5.02413,1.14156,3.49104,0.324886,2.5,0.105551,171.461,-1.24479
3,2,5.25998,1.14177,5.59359,0.311565,1.5,0.0970726,151.222,-0.403022
3,3,5.68302,1.0471,4.86475,0.246011,1,0.0605216,74.4451,-0.928477
3,4,5,1,5,0.0816253,0.5,0.0066627,2.71922,-0.911813
3.5,0,5.02976,2.19872,2.64281,0.514238,4,0.264441,679.929,-0.223728
3.5,1,5.0331,1.18785,2.98898,0.324886,3,0.105551,171.461,-1.24479
3.5,2,5.38996,1.21266,5.89038,0.311565,2,0.0970726,151.222,-0.403022
3.5,3,6.36605,1.09419,4.7295,0.246011,1.5,0.0605216,74.4451,-0.928477
3.5,4,4.58058,1.02911,5.13902,0.0816253,1,0.0066627,2.71922,-0.911813
3.5,5,5,1,5,0.0442747,0.5,0.00196025,0.433946,-0.519401
4,0,5.04446,2.38213,2.30394,0.514238,4.5,0.264441,679.929,-0.223728
4,1,5.04207,1.23414,2.48692,0.324886,3.5,0.105551,171.461,-1.24479
4,2,5.51995,1.28355,6.18717,0.311565,2.5,0.0970726,151.222,-0.403022
4,3,7.04907,1.14129,4.59425,0.246011,2,0.0605216,74.4451,-0.928477
4,4,4.16115,1.05821,5.27804,0.0816253,1.5,0.0066627,2.71922,-0.911813
4,5,5.14045,1.05994,5.1517,0.0442747,1,0.00196025,0.433946,-0.519401
4,6,5,1,5,0.00858909,0.5,7.37724e-05,0.00316819,0.842871
4.5,0,5.05917,2.56555,1.96508,0.514238,5,0.264441,679.929,-0.223728
4.5,1,5.05104,1.28043,1.98485,0.324886,4,0.105551,171.461,-1.24479
4.5,2,5.64994,1.35443,6.48397,0.311565,3,0.0970726,151.222,-0.403022
4.5,3,7.7321,1.18839,4.459,0.246011,2.5,0.0605216,74.4451,-0.928477
4.5,4,3.74173,1.08732,5.41705,0.0816253,2,0.0066627,2.71922,-0.911813
4.5,5,5.2809,1.11988,5.3034,0.0442747,1.5,0.00196025,0.433946,-0.519401
4.5,6,5.25908,1.10628,4.94211,0.00858909,1,7.37724e-05,0.00316819,0.842871
4.5,7,5,1,5,0.0865971,0.5,0.00749906,3.24699,0.772221
5,0,5.07387,2.74897,1.62622,0.514238,5.5,0.264441,679.929,-0.223728
5,1,5.06001,1.32672,1.48279,0.324886,4.5,0.105551,171.461,-1.24479
5,2,5.77993,1.42532,6.78076,0.311565,3.5,0.0970726,151.222,-0.403022
5,3,8.41512,1.23549,4.32375,0.246011,3,0.0605216,74.4451,-0.928477
5,4,3.32231,1.11642,5.55607,0.0816253,2.5,0.0066627,2.71922,-0.911813
5,5,5.42135,1.17982,5.4551,0.0442747,2,0.00196025,0.433946,-0.519401
5,6,5.51816,1.21256,4.88423,0.00858909,1.5,7.37724e-05,0.00316819,0.842871
5,7,5.25694,1.17184,5.3014,0.0865971,1,0.00749906,3.24699,0.772221
5,8,5,1,5,0.141667,0.5,0.0200695,14.2159,-0.203444
5.5,0,5.08857,2.93239,1.28735,0.514238,6,0.264441,679.929,-0.223728
5.5,1,5.06898,1.37301,0.98073,0.324886,5,0.105551,171.461,-1.24479
5.5,2,5.90991,1.4962,7.07755,0.311565,4,0.0970726,151.222,-0.403022
5.5,3,9.09814,1.28258,4.1885,0.246011,3.5,0.0605216,74.4451,-0.928477
5.5,4,2.90288,1.14553,5.69509,0.0816253,3,0.0066627,2.71922,-0.911813
5.5,5,5.5618,1.23977,5.6068,0.0442747,2.5,0.00196025,0.433946,-0.519401
5.5,6,5.77725,1.31884,4.82634,0.00858909,2,7.37724e-05,0.00316819,0.842871
5.5,7,5.51388,1.34369,5.6028,0.0865971,1.5,0.00749906,3.24699,0.772221
5.5,8,4.97664,1.02422,4.99884,0.30716,1,0.0943472,144.898,0.207513
6,0,5.10327,3.1158,0.948489,0.514238,6.5,0.264441,679.929,-0.223728
6,1,5.07795,1.4193,0.478668,0.324886,5.5,0.105551,171.461,-1.24479
6,2,6.0399,1.56709,7.37435,0.311565,4.5,0.0970726,151.222,-0.403022
6,3,2.48346,1.17463,5.83411,0.0816253,3.5,0.0066627,2.71922,-0.911813
6,4,5.70225,1.29971,5.75849,0.0442747,3,0.00196025,0.433946,-0.519401
6,5,6.03633,1.42512,4.76846,0.00858909,2.5,7.37724e-05,0.00316819,0.842871
6,6,5.77082,1.51553,5.9042,0.0865971,2,0.00749906,3.24699,0.772221
6,7,5.02876,1.08436,5.01965,0.492347,1.5,0.242405,596.737,0.0206002
6.5,0,5.11797,3.29922,0.609625,0.514238,7,0.264441,679.929,-0.223728
6.5,1,6.16989,1.63798,7.67114,0.311565,5,0.0970726,151.222,-0.403022
6.5,2,2.06404,1.20374,5.97312,0.0816253,4,0.0066627,2.71922,-0.911813
6.5,3,5.8427,1.35965,5.91019,0.0442747,3.5,0.00196025,0.433946,-0.519401
6.5,4,6.29541,1.5314,4.71057,0.00858909,3,7.37724e-05,0.00316819,0.842871
6.5,5,6.02777,1.68738,6.2056,0.0865971,2.5,0.00749906,3.24699,0.772221
6.5,6,5.21305,1.14414,5.05547,0.524595,2,0.2752,721.843,-0.517601
7,0,6.29988,1.70886,7.96794,0.311565,5.5,0.0970726,151.222,-0.403022
7,1,1.64461,1.23284,6.11214,0.0816253,4.5,0.0066627,2.71922,-0.911813
7,2,5.98315,1.41959,6.06189,0.0442747,4,0.00196025,0.433946,-0.519401
7,3,6.55449,1.63769,4.65268,0.00858909,3.5,7.37724e-05,0.00316819,0.842871
7,4,6.28471,1.85922,6.507,0.0865971,3,0.00749906,3.24699,0.772221
7,5,5.43581,1.24872,5.04589,0.526064,2.5,0.276743,727.924,-0.701226
7.5,0,6.42987,1.77975,8.26473,0.311565,6,0.0970726,151.222,-0.403022
7.5,1,1.22519,1.26195,6.25116,0.0816253,5,0.0066627,2.71922,-0.911813
7.5,2,6.1236,1.47953,6.21359,0.0442747,4.5,0.00196025,0.433946,-0.519401
7.5,3,6.81358,1.74397,4.5948,0.00858909,4,7.37724e-05,0.00316819,0.842871
7.5,4,6.54165,2.03106,6.8084,0.0865971,3.5,0.00749906,3.24699,0.772221
7.5,5,5.66169,1.35461,5.03659,0.526064,3,0.276743,727.924,-0.701226
7.5,6,5,1,5,0.442097,0.5,0.19545,432.038,0.978455
8,0,6.55985,1.85064,8.56152,0.311565,6.5,0.0970726,151.222,-0.403022
8,1,0.805768,1.29105,6.39018,0.0816253,5.5,0.0066627,2.71922,-0.911813
8,2,6.26405,1.53947,6.36529,0.0442747,5,0.00196025,0.433946,-0.519401
8,3,7.07266,1.85025,4.53691,0.00858909,4.5,7.37724e-05,0.00316819,0.842871
8,4,6.79859,2.20291,7.1098,0.0865971,4,0.00749906,3.24699,0.772221
8,5,5.88756,1.4605,5.02728,0.526064,3.5,0.276743,727.924,-0.701226
8,6,4.86232,1.11838,4.86979,0.530831,1,0.281781,747.892,0.702813
8.5,0,6.68984,1.92152,8.85832,0.311565,7,0.0970726,151.222,-0.403022
8.5,1,0.386345,1.32016,6.52919,0.0816253,6,0.0066627,2.71922,-0.911813
8.5,2,6.4045,1.59942,6.51699,0.0442747,5.5,0.00196025,0.433946,-0.519401
8.5,3,7.33174,1.95653,4.47903,0.00858909,5,7.37724e-05,0.00316819,0.842871
8.5,4,7.05553,2.37475,7.4112,0.0865971,4.5,0.00749906,3.24699,0.772221
8.5,5,6.11343,1.56639,5.01798,0.526064,4,0.276743,727.924,-0.701226
8.5,6,4.68403,1.33792,4.67613,0.530831,1.5,0.281781,747.892,0.702813
8.5,7,5,1,5,0.348952,0.5,0.121768,212.456,0.36675
9,0,6.81983,1.99241,9.15511,0.311565,7.5,0.0970726,151.222,-0.403022
9,1,6.54495,1.65936,6.66869,0.0442747,6,0.00196025,0.433946,-0.519401
9,2,7.59082,2.06281,4.42114,0.00858909,5.5,7.37724e-05,0.00316819,0.842871
9,3,7.31247,2.5466,7.7126,0.0865971,5,0.00749906,3.24699,0.772221
9,4,6.3393,1.67227,5.00868,0.526064,4.5,0.276743,727.924,-0.701226
9,5,4.50574,1.55745,4.48246,0.530831,2,0.281781,747.892,0.702813
9,6,5.41047,1.11287,5.06404,0.348952,1,0.121768,212.456,0.36675
9,7,5,1,5,0.323885,0.5,0.104901,169.88,-0.318826
9.5,0,6.94982,2.0633,9.4519,0.311565,8,0.0970726,151.222,-0.403022
9.5,1,6.6854,1.7193,6.82039,0.0442747,6.5,0.00196025,0.433946,-0.519401
9.5,2,7.84991,2.16909,4.36326,0.00858909,6,7.37724e-05,0.00316819,0.842871
9.5,3,7.56941,2.71844,8.014,0.0865971,5.5,0.00749906,3.24699,0.772221
9.5,4,6.56518,1.77816,4.99938,0.526064,5,0.276743,727.924,-0.701226
9.5,5,4.32745,1.77698,4.2888,0.530831,2.5,0.281781,747.892,0.702813
9.5,6,5.82093,1.22573,5.12808,0.348952,1.5,0.121768,212.456,0.36675
9.5,7,5.02053,1.36868,4.84551,0.323885,1,0.104901,169.88,-0.318826
9.5,8,5,1,5,0.387695,0.5,0.150307,291.367,-0.458201
10,0,6.82585,1.77924,6.97209,0.0442747,7,0.00196025,0.433946,-0.519401
10,1,8.10899,2.27537,4.30537,0.00858909,6.5,7.37724e-05,0.00316819,0.842871
10,2,7.82636,2.89028,8.3154,0.0865971,6,0.00749906,3.24699,0.772221
10,3,6.79105,1.88405,4.99007,0.526064,5.5,0.276743,727.924,-0.701226
10,4,4.14917,1.99651,4.09514,0.530831,3,0.281781,747.892,0.702813
10,5,6.2314,1.3386,5.19212,0.348952,2,0.121768,212.456,0.36675
10,6,5.04106,1.73735,4.69101,0.323885,1.5,0.104901,169.88,-0.318826
10,7,5.05744,1.05965,4.92966,0.502406,1,0.252412,634.066,-0.923376
10.5,0,6.9663,1.83918,7.12379,0.0442747,7.5,0.00196025,0.433946,-0.519401
10.5,1,8.36807,2.38165,4.24748,0.00858909,7,7.37724e-05,0.00316819,0.842871
10.5,2,8.0833,3.06213,8.6168,0.0865971,6.5,0.00749906,3.24699,0.772221
10.5,3,7.01692,1.98993,4.98077,0.526064,6,0.276743,727.924,-0.701226
10.5,4,3.97088,2.21604,3.90147,0.530831,3.5,0.281781,747.892,0.702813
10.5,5,6.64186,1.45147,5.25616,0.348952,2.5,0.121768,212.456,0.36675
10.5,6,5.06159,2.10603,4.53652,0.323885,2,0.104901,169.88,-0.318826
10.5,7,5.05734,1.17586,4.89325,0.525283,1.5,0.275922,724.685,-0.318723
11,0,7.10675,1.89912,7.27548,0.0442747,8,0.00196025,0.433946,-0.519401
11,1,8.62715,2.48793,4.1896,0.00858909,7.5,7.37724e-05,0.00316819,0.842871
11,2,8.34024,3.23397,8.9182,0.0865971,7,0.00749906,3.24699,0.772221
11,3,7.24279,2.09582,4.97147,0.526064,6.5,0.276743,727.924,-0.701226
11,4,3.79259,2.43557,3.70781,0.530831,4,0.281781,747.892,0.702813
11,5,7.05233,1.56433,5.3202,0.348952,3,0.121768,212.456,0.36675
11,6,5.08211,2.4747,4.38202,0.323885,2.5,0.104901,169.88,-0.318826
11,7,5.06907,1.28375,4.8561,0.547888,2,0.300181,822.328,-0.528302
11.5,0,7.2472,1.95907,7.42718,0.0442747,8.5,0.00196025,0.433946,-0.519401
11.5,1,8.88623,2.59421,4.13171,0.00858909,8,7.37724e-05,0.00316819,0.842871
11.5,2,8.59718,3.40582,9.2196,0.0865971,7.5,0.00749906,3.24699,0.772221
11.5,3,7.46866,2.20171,4.96217,0.526064,7,0.276743,727.924,-0.701226
11.5,4,3.6143,2.6551,3.51414,0.530831,4.5,0.281781,747.892,0.702813
11.5,5,7.4628,1.6772,5.38424,0.348952,3.5,0.121768,212.456,0.36675
11.5,6,5.10264,2.84338,4.22753,0.323885,3,0.104901,169.88,-0.318826
11.5,7,5.09284,1.40576,4.82422,0.548302,2.5,0.300635,824.195,-0.870934
12,0,7.38765,2.01901,7.57888,0.0442747,9,0.00196025,0.433946,-0.519401
12,1,9.14532,2.70049,4.07383,0.00858909,8.5,7.37724e-05,0.00316819,0.842871
12,2,8.85412,3.57766,9.521,0.0865971,8,0.00749906,3.24699,0.772221
12,3,7.69454,2.3076,4.95287,0.526064,7.5,0.276743,727.924,-0.701226
12,4,3.43602,2.87463,3.32048,0.530831,5,0.281781,747.892,0.702813
12,5,7.87326,1.79007,5.44828,0.348952,4,0.121768,212.456,0.36675
12,6,5.12317,3.21205,4.07303,0.323885,3.5,0.104901,169.88,-0.318826
12,7,5.11709,1.5282,4.79219,0.548302,3,0.300635,824.195,-0.870934
12,8,5,1,5,0.158323,0.5,0.0250662,19.8427,-0.56836
12.5,0,7.5281,2.07895,7.73058,0.0442747,9.5,0.00196025,0.433946,-0.519401
12.5,1,9.4044,2.80677,4.01594,0.00858909,9,7.37724e-05,0.00316819,0.842871
12.5,2,9.11106,3.7495,9.82241,0.0865971,8.5,0.00749906,3.24699,0.772221
12.5,3,7.92041,2.41348,4.94356,0.526064,8,0.276743,727.924,-0.701226
12.5,4,3.25773,3.09416,3.12682,0.530831,5.5,0.281781,747.892,0.702813
12.5,5,8.28373,1.90293,5.51232,0.348952,4.5,0.121768,212.456,0.36675
12.5,6,5.1437,3.58073,3.91854,0.323885,4,0.104901,169.88,-0.318826
12.5,7,5.14134,1.65065,4.76016,0.548302,3.5,0.300635,824.195,-0.870934
12.5,8,4.84639,1.08405,5.0214,0.158323,1,0.0250662,19.8427,-0.56836
12.5,9,5,1,5,0.107398,0.5,0.0115342,6.19374,0.199959
13,0,7.66855,2.13889,7.88228,0.0442747,10,0.00196025,0.433946,-0.519401
13,1,9.66348,2.91306,3.95805,0.00858909,9.5,7.37724e-05,0.00316819,0.842871
13,2,8.14628,2.51937,4.93426,0.526064,8.5,0.276743,727.924,-0.701226
13,3,3.07944,3.31369,2.93315,0.530831,6,0.281781,747.892,0.702813
13,4,8.69419,2.0158,5.57636,0.348952,5,0.121768,212.456,0.36675
13,5,5.16423,3.9494,3.76405,0.323885,4.5,0.104901,169.88,-0.318826
13,6,5.16559,1.7731,4.72813,0.548302,4,0.300635,824.195,-0.870934
13,7,4.69278,1.16811,5.0428,0.158323,1.5,0.0250662,19.8427,-0.56836
13,8,5.01849,1.00229,5.01801,0.32529,1,0.105813,172.1,0.719707
13.5,0,7.809,2.19883,8.03398,0.0442747,10.5,0.00196025,0.433946,-0.519401
13.5,1,9.92256,3.01934,3.90017,0.00858909,10,7.37724e-05,0.00316819,0.842871
13.5,2,8.37215,2.62526,4.92496,0.526064,9,0.276743,727.924,-0.701226
13.5,3,2.90115,3.53322,2.73949,0.530831,6.5,0.281781,747.892,0.702813
13.5,4,9.10466,2.12866,5.6404,0.348952,5.5,0.121768,212.456,0.36675
13.5,5,5.18476,4.31808,3.60955,0.323885,5,0.104901,169.88,-0.318826
13.5,6,5.18983,1.89555,4.6961,0.548302,4.5,0.300635,824.195,-0.870934
13.5,7,4.53917,1.25216,5.06419,0.158323,2,0.0250662,19.8427,-0.56836
13.5,8,5.0938,1.04875,5.52394,0.32529,1.5,0.105813,172.1,0.719707
13.5,9,5,1,5,0.152729,0.5,0.0233261,17.8128,-0.232671
14,0,7.94945,2.25877,8.18568,0.0442747,11,0.00196025,0.433946,-0.519401
14,1,8.59803,2.73115,4.91566,0.526064,9.5,0.276743,727.924,-0.701226
14,2,2.72287,3.75276,2.54582,0.530831,7,0.281781,747.892,0.702813
14,3,9.51512,2.24153,5.70444,0.348952,6,0.121768,212.456,0.36675
14,4,5.20529,4.68675,3.45506,0.323885,5.5,0.104901,169.88,-0.318826
14,5,5.21408,2.018,4.66407,0.548302,5,0.300635,824.195,-0.870934
14,6,4.38556,1.33622,5.08559,0.158323,2.5,0.0250662,19.8427,-0.56836
14,7,5.1691,1.09522,6.02987,0.32529,2,0.105813,172.1,0.719707
14,8,4.74243,1.20546,4.81658,0.152729,1,0.0233261,17.8128,-0.232671
14,9,5,1,5,0.0832089,0.5,0.00692372,2.88057,0.335289
14.5,0,8.0899,2.31872,8.33738,0.0442747,11.5,0.00196025,0.433946,-0.519401
14.5,1,8.8239,2.83703,4.90635,0.526064,10,0.276743,727.924,-0.701226
14.5,2,2.54458,3.97229,2.35216,0.530831,7.5,0.281781,747.892,0.702813
14.5,3,5.22581,5.05543,3.30056,0.323885,6,0.104901,169.88,-0.318826
14.5,4,5.23833,2.14044,4.63204,0.548302,5.5,0.300635,824.195,-0.870934
14.5,5,4.23196,1.42027,5.10699,0.158323,3,0.0250662,19.8427,-0.56836
14.5,6,5.24441,1.14169,6.5358,0.32529,2.5,0.105813,172.1,0.719707
14.5,7,4.48486,1.41092,4.63316,0.152729,1.5,0.0233261,17.8128,-0.232671
14.5,8,4.93929,1.36375,4.85164,0.0832089,1,0.00692372,2.88057,0.335289
14.5,9,5,1,5,0.307282,0.5,0.0944222,145.071,-0.510022
15,0,8.23035,2.37866,8.48908,0.0442747,12,0.00196025,0.433946,-0.519401
15,1,9.04977,2.94292,4.89705,0.526064,10.5,0.276743,727.924,-0.701226
15,2,2.36629,4.19182,2.1585,0.530831,8,0.281781,747.892,0.702813
15,3,5.24634,5.42411,3.14607,0.323885,6.5,0.104901,169.88,-0.318826
15,4,5.26258,2.26289,4.60001,0.548302,6,0.300635,824.195,-0.870934
15,5,4.07835,1.50433,5.12839,0.158323,3.5,0.0250662,19.8427,-0.56836
15,6,5.31972,1.18816,7.04173,0.32529,3,0.105813,172.1,0.719707
15,7,4.22729,1.61637,4.44974,0.152729,2,0.0233261,17.8128,-0.232671
15,8,4.87858,1.72751,4.70327,0.0832089,1.5,0.00692372,2.88057,0.335289
15,9,4.67859,1.25283,5.21573,0.307282,1,0.0944222,145.071,-0.510022
15,10,5,1,5,0.0379159,0.5,0.00143761,0.272542,-0.00248485
15.5,0,8.3708,2.4386,8.64078,0.0442747,12.5,0.00196025,0.433946,-0.519401
15.5,1,9.27564,3.04881,4.88775,0.526064,11,0.276743,727.924,-0.701226
15.5,2,2.188,4.41135,1.96483,0.530831,8.5,0.281781,747.892,0.702813
15.5,3,5.26687,5.79278,2.99157,0.323885,7,0.104901,169.88,-0.318826
15.5,4,5.28683,2.38534,4.56798,0.548302,6.5,0.300635,824.195,-0.870934
15.5,5,3.92474,1.58838,5.14979,0.158323,4,0.0250662,19.8427,-0.56836
15.5,6,5.39503,1.23462,7.54767,0.32529,3.5,0.105813,172.1,0.719707
15.5,7,3.96972,1.82183,4.26632,0.152729,2.5,0.0233261,17.8128,-0.232671
15.5,8,4.81787,2.09126,4.55491,0.0832089,2,0.00692372,2.88057,0.335289
15.5,9,4.35719,1.50566,5.43145,0.307282,1.5,0.0944222,145.071,-0.510022
15.5,10,5.08748,1.13881,5.32479,0.0379159,1,0.00143761,0.272542,-0.00248485
15.5,11,5,1,5,0.117108,0.5,0.0137143,8.03031,0.326955
16,0,8.51125,2.49854,8.79247,0.0442747,13,0.00196025,0.433946,-0.519401
16,1,2.00972,4.63088,1.77117,0.530831,9,0.281781,747.892,0.702813
16,2,5.2874,6.16146,2.83708,0.323885,7.5,0.104901,169.88,-0.318826
16,3,5.31108,2.50779,4.53595,0.548302,7,0.300635,824.195,-0.870934
16,4,3.77113,1.67244,5.17118,0.158323,4.5,0.0250662,19.8427,-0.56836
16,5,5.47034,1.28109,8.0536,0.32529,4,0.105813,172.1,0.719707
16,6,3.71215,2.02729,4.0829,0.152729,3,0.0233261,17.8128,-0.232671
16,7,4.75716,2.45501,4.40655,0.0832089,2.5,0.00692372,2.88057,0.335289
16,8,4.03578,1.7585,5.64718,0.307282,2,0.0944222,145.071,-0.510022
16,9,5.17495,1.27762,5.64958,0.0379159,1.5,0.00143761,0.272542,-0.00248485
16,10,5.02166,1.00499,4.98846,0.446113,1,0.199017,443.921,1.1912
16.5,0,8.6517,2.55848,8.94417,0.0442747,13.5,0.00196025,0.433946,-0.519401
16.5,1,1.83143,4.85041,1.5775,0.530831,9.5,0.281781,747.892,0.702813
16.5,2,5.30793,6.53013,2.68259,0.323885,8,0.104901,169.88,-0.318826
16.5,3,5.33532,2.63024,4.50392,0.548302,7.5,0.300635,824.195,-0.870934
16.5,4,3.61752,1.75649,5.19258,0.158323,5,0.0250662,19.8427,-0.56836
16.5,5,5.54565,1.32756,8.55953,0.32529,4.5,0.105813,172.1,0.719707
16.5,6,3.45458,2.23275,3.89948,0.152729,3.5,0.0233261,17.8128,-0.232671
16.5,7,4.69645,2.81876,4.25819,0.0832089,3,0.00692372,2.88057,0.335289
16.5,8,3.71437,2.01133,5.8629,0.307282,2.5,0.0944222,145.071,-0.510022
16.5,9,5.26243,1.41642,5.97437,0.0379159,2,0.00143761,0.272542,-0.00248485
16.5,10,5.01982,1.06293,5.15015,0.478638,1.5,0.229094,548.265,1.20861
17,0,8.79215,2.61842,9.09587,0.0442747,14,0.00196025,0.433946,-0.519401
17,1,1.65314,5.06994,1.38384,0.530831,10,0.281781,747.892,0.702813
17,2,5.32846,6.89881,2.52809,0.323885,8.5,0.104901,169.88,-0.318826
17,3,5.35957,2.75269,4.47189,0.548302,8,0.300635,824.195,-0.870934
17,4,3.46391,1.84054,5.21398,0.158323,5.5,0.0250662,19.8427,-0.56836
17,5,5.62096,1.37403,9.06546,0.32529,5,0.105813,172.1,0.719707
17,6,3.19701,2.4382,3.71606,0.152729,4,0.0233261,17.8128,-0.232671
17,7,4.63574,3.18252,4.10982,0.0832089,3.5,0.00692372,2.88057,0.335289
17,8,3.39297,2.26416,6.07863,0.307282,3,0.0944222,145.071,-0.510022
17,9,5.3499,1.55523,6.29917,0.0379159,2.5,0.00143761,0.272542,-0.00248485
17,10,5.04054,1.11614,5.29216,0.497681,2,0.247686,616.344,0.453096
17.5,0,8.9326,2.67836,9.24757,0.0442747,14.5,0.00196025,0.433946,-0.519401
17.5,1,1.47485,5.28947,1.19018,0.530831,10.5,0.281781,747.892,0.702813
17.5,2,5.34899,7.26748,2.3736,0.323885,9,0.104901,169.88,-0.318826
17.5,3,5.38382,2.87513,4.43986,0.548302,8.5,0.300635,824.195,-0.870934
17.5,4,3.3103,1.9246,5.23538,0.158323,6,0.0250662,19.8427,-0.56836
17.5,5,5.69627,1.42049,9.57139,0.32529,5.5,0.105813,172.1,0.719707
17.5,6,2.93944,2.64366,3.53264,0.152729,4.5,0.0233261,17.8128,-0.232671
17.5,7,4.57503,3.54627,3.96146,0.0832089,4,0.00692372,2.88057,0.335289
17.5,8,3.07156,2.51699,6.29435,0.307282,3.5,0.0944222,145.071,-0.510022
17.5,9,5.43738,1.69404,6.62396,0.0379159,3,0.00143761,0.272542,-0.00248485
17.5,10,5.05209,1.11078,5.27794,0.632165,2.5,0.399633,1263.17,1.27666
18,0,9.07305,2.73831,9.39927,0.0442747,15,0.00196025,0.433946,-0.519401
18,1,1.29657,5.509,0.996513,0.530831,11,0.281781,747.892,0.702813
18,2,5.36952,7.63616,2.2191,0.323885,9.5,0.104901,169.88,-0.318826
18,3,5.40807,2.99758,4.40783,0.548302,9,0.300635,824.195,-0.870934
18,4,3.15669,2.00865,5.25678,0.158323,6.5,0.0250662,19.8427,-0.56836
18,5,2.68187,2.84912,3.34922,0.152729,5,0.0233261,17.8128,-0.232671
18,6,4.51432,3.91002,3.8131,0.0832089,4.5,0.00692372,2.88057,0.335289
18,7,2.75015,2.76983,6.51008,0.307282,4,0.0944222,145.071,-0.510022
18,8,5.52486,1.83285,6.94875,0.0379159,3.5,0.00143761,0.272542,-0.00248485
18,9,5.09179,1.19154,5.30907,0.661506,3,0.437591,1447.34,0.449198
18.5,0,9.2135,2.79825,9.55097,0.0442747,15.5,0.00196025,0.433946,-0.519401
18.5,1,1.11828,5.72853,0.802849,0.530831,11.5,0.281781,747.892,0.702813
18.5,2,5.39004,8.00483,2.06461,0.323885,10,0.104901,169.88,-0.318826
18.5,3,5.43232,3.12003,4.3758,0.548302,9.5,0.300635,824.195,-0.870934
18.5,4,3.00309,2.09271,5.27817,0.158323,7,0.0250662,19.8427,-0.56836
18.5,5,2.42431,3.05458,3.1658,0.152729,5.5,0.0233261,17.8128,-0.232671
18.5,6,4.45361,4.27378,3.66474,0.0832089,5,0.00692372,2.88057,0.335289
18.5,7,2.42875,3.02266,6.7258,0.307282,4.5,0.0944222,145.071,-0.510022
18.5,8,5.61233,1.97166,7.27354,0.0379159,4,0.00143761,0.272542,-0.00248485
18.5,9,5.11767,1.24519,5.26368,0.751717,3.5,0.565079,2123.9,0.85152
19,0,9.35395,2.85819,9.70267,0.0442747,16,0.00196025,0.433946,-0.519401
19,1,0.93999,5.94806,0.609185,0.530831,12,0.281781,747.892,0.702813
19,2,5.41057,8.37351,1.91012,0.323885,10.5,0.104901,169.88,-0.318826
19,3,5.45656,3.24248,4.34377,0.548302,10,0.300635,824.195,-0.870934
19,4,2.84948,2.17676,5.29957,0.158323,7.5,0.0250662,19.8427,-0.56836
19,5,2.16674,3.26003,2.98238,0.152729,6,0.0233261,17.8128,-0.232671
19,6,4.3929,4.63753,3.51637,0.0832089,5.5,0.00692372,2.88057,0.335289
19,7,2.10734,3.27549,6.94153,0.307282,5,0.0944222,145.071,-0.510022
19,8,5.69981,2.11046,7.59833,0.0379159,4.5,0.00143761,0.272542,-0.00248485
19,9,5.13484,1.34237,5.2413,0.789325,4,0.623034,2458.88,1.36499
19.5,0,9.4944,2.91813,9.85437,0.0442747,16.5,0.00196025,0.433946,-0.519401
19.5,1,5.4311,8.74218,1.75562,0.323885,11,0.104901,169.88,-0.318826
19.5,2,5.48081,3.36493,4.31174,0.548302,10.5,0.300635,824.195,-0.870934
19.5,3,2.69587,2.26082,5.32097,0.158323,8,0.0250662,19.8427,-0.56836
19.5,4,1.90917,3.46549,2.79896,0.152729,6.5,0.0233261,17.8128,-0.232671
19.5,5,4.33219,5.00128,3.36801,0.0832089,6,0.00692372,2.88057,0.335289
19.5,6,1.78593,3.52832,7.15725,0.307282,5.5,0.0944222,145.071,-0.510022
19.5,7,5.78729,2.24927,7.92312,0.0379159,5,0.00143761,0.272542,-0.00248485
19.5,8,5.16167,1.47927,5.27052,0.789466,4.5,0.623257,2460.2,1.96124
20,0,5.45163,9.11086,1.60113,0.323885,11.5,0.104901,169.88,-0.318826
20,1,5.50506,3.48737,4.27971,0.548302,11,0.300635,824.195,-0.870934
20,2,2.54226,2.34487,5.34237,0.158323,8.5,0.0250662,19.8427,-0.56836
20,3,1.6516,3.67095,2.61554,0.152729,7,0.0233261,17.8128,-0.232671
20,4,4.27148,5.36503,3.21965,0.0832089,6.5,0.00692372,2.88057,0.335289
20,5,1.46453,3.78116,7.37298,0.307282,6,0.0944222,145.071,-0.510022
20,6,5.87476,2.38808,8.24792,0.0379159,5.5,0.00143761,0.272542,-0.00248485
20,7,5.13676,1.44685,5.21748,0.927212,5,0.859723,3985.73,1.45052
20.5,0,5.47216,9.47954,1.44663,0.323885,12,0.104901,169.88,-0.318826
20.5,1,5.52931,3.60982,4.24768,0.548302,11.5,0.300635,824.195,-0.870934
20.5,2,2.38865,2.42892,5.36377,0.158323,9,0.0250662,19.8427,-0.56836
20.5,3,1.39403,3.87641,2.43212,0.152729,7.5,0.0233261,17.8128,-0.232671
20.5,4,4.21077,5.72879,3.07129,0.0832089,7,0.00692372,2.88057,0.335289
20.5,5,1.14312,4.03399,7.5887,0.307282,6.5,0.0944222,145.071,-0.510022
20.5,6,5.96224,2.52689,8.57271,0.0379159,6,0.00143761,0.272542,-0.00248485
20.5,7,5.16657,1.52632,5.27689,0.948338,5.5,0.899344,4264.41,1.62383
21,0,5.55356,3.73227,4.21565,0.548302,12,0.300635,824.195,-0.870934
21,1,2.23504,2.51298,5.38516,0.158323,9.5,0.0250662,19.8427,-0.56836
21,2,1.13646,4.08187,2.2487,0.152729,8,0.0233261,17.8128,-0.232671
21,3,4.15006,6.09254,2.92292,0.0832089,7.5,0.00692372,2.88057,0.335289
21,4,0.821713,4.28682,7.80443,0.307282,7,0.0944222,145.071,-0.510022
21,5,6.04971,2.6657,8.8975,0.0379159,6.5,0.00143761,0.272542,-0.00248485
21,6,5.2073,1.62758,5.35189,0.94834,6,0.899349,4264.45,2.03095
21.5,0,5.5778,3.85472,4.18362,0.548302,12.5,0.300635,824.195,-0.870934
21.5,1,2.08143,2.59703,5.40656,0.158323,10,0.0250662,19.8427,-0.56836
21.5,2,0.878888,4.28732,2.06528,0.152729,8.5,0.0233261,17.8128,-0.232671
21.5,3,4.08935,6.45629,2.77456,0.0832089,8,0.00692372,2.88057,0.335289
21.5,4,0.500307,4.53965,8.02015,0.307282,7.5,0.0944222,145.071,-0.510022
21.5,5,6.13719,2.8045,9.22229,0.0379159,7,0.00143761,0.272542,-0.00248485
21.5,6,5.19657,1.57766,5.33834,1.06524,6.5,1.13473,6043.77,1.37281
22,0,5.60205,3.97717,4.15159,0.548302,13,0.300635,824.195,-0.870934
22,1,1.92782,2.68109,5.42796,0.158323,10.5,0.0250662,19.8427,-0.56836
22,2,0.621319,4.49278,1.88186,0.152729,9,0.0233261,17.8128,-0.232671
22,3,4.02864,6.82005,2.6262,0.0832089,8.5,0.00692372,2.88057,0.335289
22,4,6.22467,2.94331,9.54708,0.0379159,7.5,0.00143761,0.272542,-0.00248485
22,5,5.27406,1.67778,5.44153,1.08129,7,1.16918,6321.07,1.54258
22.5,0,5.6263,4.09962,4.11956,0.548302,13.5,0.300635,824.195,-0.870934
22.5,1,1.77421,2.76514,5.44936,0.158323,11,0.0250662,19.8427,-0.56836
22.5,2,0.363749,4.69824,1.69844,0.152729,9.5,0.0233261,17.8128,-0.232671
22.5,3,3.96793,7.1838,2.47784,0.0832089,9,0.00692372,2.88057,0.335289
22.5,4,6.31214,3.08212,9.87187,0.0379159,8,0.00143761,0.272542,-0.00248485
22.5,5,5.33893,1.76791,5.53149,1.1011,7.5,1.21242,6675.02,1.43665
23,0,5.65055,4.22206,4.08753,0.548302,14,0.300635,824.195,-0.870934
23,1,1.62061,2.8492,5.47076,0.158323,11.5,0.0250662,19.8427,-0.56836
23,2,3.90722,7.54755,2.32947,0.0832089,9.5,0.00692372,2.88057,0.335289
23,3,5.40369,1.88534,5.64003,1.1011,8,1.21242,6675.02,1.43665
23,4,5,1,5,0.0418201,0.5,0.00174892,0.3657,0.300276
23.5,0,5.6748,4.34451,4.0555,0.548302,14.5,0.300635,824.195,-0.870934
23.5,1,1.467,2.93325,5.49216,0.158323,12,0.0250662,19.8427,-0.56836
23.5,2,3.84651,7.9113,2.18111,0.0832089,10,0.00692372,2.88057,0.335289
23.5,3,5.46846,2.00277,5.74857,1.1011,8.5,1.21242,6675.02,1.43665
23.5,4,5.02223,1.24388,4.94921,0.0418201,1,0.00174892,0.3657,0.300276
23.5,5,5,1,5,0.055257,0.5,0.00305333,0.843589,0.889153
24,0,5.69904,4.46696,4.02347,0.548302,15,0.300635,824.195,-0.870934
24,1,1.31339,3.01731,5.51355,0.158323,12.5,0.0250662,19.8427,-0.56836
24,2,3.7858,8.27506,2.03275,0.0832089,10.5,0.00692372,2.88057,0.335289
24,3,5.04447,1.48776,4.89843,0.0418201,1.5,0.00174892,0.3657,0.300276
24,4,5,1,5,0.29113,0.5,0.0847565,123.376,-0.0852665
24,5,5.53317,2.11847,5.8554,1.10249,9,1.21548,6700.25,2.32581
24.5,0,5.72329,4.58941,3.99144,0.548302,15.5,0.300635,824.195,-0.870934
24.5,1,1.15978,3.10136,5.53495,0.158323,13,0.0250662,19.8427,-0.56836
24.5,2,3.7251,8.63881,1.88439,0.0832089,11,0.00692372,2.88057,0.335289
24.5,3,5.0667,1.73164,4.84764,0.0418201,2,0.00174892,0.3657,0.300276
24.5,4,5.04377,1.14069,4.63784,0.29113,1,0.0847565,123.376,-0.0852665
24.5,5,5.59905,2.2367,5.96411,1.10249,9.5,1.21548,6700.25,2.32581
24.5,6,5,1,5,0.226642,0.5,0.0513664,58.2088,0.709935
25,0,5.74754,4.71186,3.95941,0.548302,16,0.300635,824.195,-0.870934
25,1,1.00617,3.18541,5.55635,0.158323,13.5,0.0250662,19.8427,-0.56836
25,2,3.66439,9.00256,1.73602,0.0832089,11.5,0.00692372,2.88057,0.335289
25,3,5.08893,1.97551,4.79686,0.0418201,2.5,0.00174892,0.3657,0.300276
25,4,5.08754,1.28137,4.27567,0.29113,1.5,0.0847565,123.376,-0.0852665
25,5,5.66494,2.35492,6.07282,1.10249,10,1.21548,6700.25,2.32581
25,6,4.94358,1.31995,5.2462,0.226642,1,0.0513664,58.2088,0.709935
25,7,5,1,5,0.289805,0.5,0.0839867,121.699,-0.534222
25.5,0,5.77179,4.8343,3.92738,0.548302,16.5,0.300635,824.195,-0.870934
25.5,1,0.852562,3.26947,5.57775,0.158323,14,0.0250662,19.8427,-0.56836
25.5,2,3.60368,9.36632,1.58766,0.0832089,12,0.00692372,2.88057,0.335289
25.5,3,5.11117,2.21939,4.74607,0.0418201,3,0.00174892,0.3657,0.300276
25.5,4,5.13131,1.42206,3.91351,0.29113,2,0.0847565,123.376,-0.0852665
25.5,5,5.73082,2.47314,6.18154,1.10249,10.5,1.21548,6700.25,2.32581
25.5,6,4.88716,1.63989,5.4924,0.226642,1.5,0.0513664,58.2088,0.709935
25.5,7,4.89952,1.07472,4.9528,0.480587,1,0.230964,554.991,0.404307
26,0,5.79604,4.95675,3.89535,0.548302,17,0.300635,824.195,-0.870934
26,1,0.698953,3.35352,5.59915,0.158323,14.5,0.0250662,19.8427,-0.56836
26,2,3.54297,9.73007,1.4393,0.0832089,12.5,0.00692372,2.88057,0.335289
26,3,5.1334,2.46327,4.69529,0.0418201,3.5,0.00174892,0.3657,0.300276
26,4,5.17508,1.56274,3.55134,0.29113,2.5,0.0847565,123.376,-0.0852665
26,5,5.79671,2.59136,6.29025,1.10249,11,1.21548,6700.25,2.32581
26,6,4.83074,1.95984,5.7386,0.226642,2,0.0513664,58.2088,0.709935
26,7,4.82965,1.29177,5.04587,0.506388,1.5,0.256429,649.262,0.36603
26.5,0,5.82028,5.0792,3.86332,0.548302,17.5,0.300635,824.195,-0.870934
26.5,1,0.545344,3.43758,5.62054,0.158323,15,0.0250662,19.8427,-0.56836
26.5,2,5.15563,2.70715,4.6445,0.0418201,4,0.00174892,0.3657,0.300276
26.5,3,5.21886,1.70343,3.18918,0.29113,3,0.0847565,123.376,-0.0852665
26.5,4,5.86259,2.70958,6.39896,1.10249,11.5,1.21548,6700.25,2.32581
26.5,5,4.77433,2.27978,5.9848,0.226642,2.5,0.0513664,58.2088,0.709935
26.5,6,4.77192,1.54208,5.11994,0.506388,2,0.256429,649.262,0.36603
26.5,7,5,1,5,0.335213,0.5,0.112368,188.335,0.601267
27,0,5.84453,5.20165,3.83129,0.548302,18,0.300635,824.195,-0.870934
27,1,0.391735,3.52163,5.64194,0.158323,15.5,0.0250662,19.8427,-0.56836
27,2,5.17786,2.95103,4.59372,0.0418201,4.5,0.00174892,0.3657,0.300276
27,3,5.26263,1.84412,2.82701,0.29113,3.5,0.0847565,123.376,-0.0852665
27,4,5.92848,2.8278,6.50767,1.10249,12,1.21548,6700.25,2.32581
27,5,4.71791,2.59973,6.23101,0.226642,3,0.0513664,58.2088,0.709935
27,6,4.7142,1.7924,5.19401,0.506388,2.5,0.256429,649.262,0.36603
27,7,5.3097,1.23858,5.04413,0.335213,1,0.112368,188.335,0.601267
27,8,5,1,5,0.118799,0.5,0.0141132,8.38314,0.400543
27.5,0,5.86878,5.3241,3.79926,0.548302,18.5,0.300635,824.195,-0.870934
27.5,1,0.238126,3.60569,5.66334,0.158323,16,0.0250662,19.8427,-0.56836
27.5,2,5.2001,3.19491,4.54293,0.0418201,5,0.00174892,0.3657,0.300276
27.5,3,5.3064,1.9848,2.46485,0.29113,4,0.0847565,123.376,-0.0852665
27.5,4,5.99437,2.94602,6.61639,1.10249,12.5,1.21548,6700.25,2.32581
27.5,5,4.66149,2.91967,6.47721,0.226642,3.5,0.0513664,58.2088,0.709935
27.5,6,4.65647,2.04272,5.26809,0.506388,3,0.256429,649.262,0.36603
27.5,7,5.6194,1.47716,5.08826,0.335213,1.5,0.112368,188.335,0.601267
27.5,8,4.92393,1.53502,4.98483,0.118799,1,0.0141132,8.38314,0.400543
27.5,9,5,1,5,0.299378,0.5,0.0896274,134.162,-0.579693
28,0,5.89303,5.44654,3.76723,0.548302,19,0.300635,824.195,-0.870934
28,1,5.22233,3.43878,4.49215,0.0418201,5.5,0.00174892,0.3657,0.300276
28,2,5.35017,2.12549,2.10268,0.29113,4.5,0.0847565,123.376,-0.0852665
28,3,6.06025,3.06424,6.7251,1.10249,13,1.21548,6700.25,2.32581
28,4,4.60507,3.23962,6.72341,0.226642,4,0.0513664,58.2088,0.709935
28,5,5.9291,1.71573,5.13239,0.335213,2,0.112368,188.335,0.601267
28,6,4.92619,1.52512,4.91337,0.299378,1,0.0896274,134.162,-0.579693
28,7,5,1,5,0.472456,0.5,0.223215,527.296,0.993718
28,8,4.61174,2.28141,5.32273,0.520137,3.5,0.270542,703.594,0.766573
28.5,0,5.91728,5.56899,3.7352,0.548302,19.5,0.300635,824.195,-0.870934
28.5,1,5.24456,3.68266,4.44136,0.0418201,6,0.00174892,0.3657,0.300276
28.5,2,5.39394,2.26618,1.74052,0.29113,5,0.0847565,123.376,-0.0852665
28.5,3,6.12614,3.18247,6.83381,1.10249,13.5,1.21548,6700.25,2.32581
28.5,4,4.54865,3.55956,6.96961,0.226642,4.5,0.0513664,58.2088,0.709935
28.5,5,6.2388,1.95431,5.17653,0.335213,2.5,0.112368,188.335,0.601267
28.5,6,4.85238,2.05025,4.82674,0.299378,1.5,0.0896274,134.162,-0.579693
28.5,7,4.55305,2.54658,5.39214,0.520137,4,0.270542,703.594,0.766573
28.5,8,4.82918,1.00573,4.8585,0.618013,1,0.381941,1180.22,1.89257
29,0,5.94153,5.69144,3.70316,0.548302,20,0.300635,824.195,-0.870934
29,1,5.2668,3.92654,4.39058,0.0418201,6.5,0.00174892,0.3657,0.300276
29,2,5.43771,2.40686,1.37836,0.29113,5.5,0.0847565,123.376,-0.0852665
29,3,6.19202,3.30069,6.94252,1.10249,14,1.21548,6700.25,2.32581
29,4,4.49223,3.87951,7.21581,0.226642,5,0.0513664,58.2088,0.709935
29,5,6.5485,2.19289,5.22066,0.335213,3,0.112368,188.335,0.601267
29,6,4.77856,2.57537,4.7401,0.299378,2,0.0896274,134.162,-0.579693
29,7,4.49437,2.81175,5.46156,0.520137,4.5,0.270542,703.594,0.766573
29,8,4.75223,1.08263,4.85451,0.710343,1.5,0.504587,1792.15,2.42683
29.5,0,5.96577,5.81389,3.67113,0.548302,20.5,0.300635,824.195,-0.870934
29.5,1,5.28903,4.17042,4.33979,0.0418201,7,0.00174892,0.3657,0.300276
29.5,2,5.48148,2.54755,1.01619,0.29113,6,0.0847565,123.376,-0.0852665
29.5,3,6.25791,3.41891,7.05124,1.10249,14.5,1.21548,6700.25,2.32581
29.5,4,4.43581,4.19945,7.46201,0.226642,5.5,0.0513664,58.2088,0.709935
29.5,5,6.8582,2.43147,5.26479,0.335213,3.5,0.112368,188.335,0.601267
29.5,6,4.70475,3.10049,4.65347,0.299378,2.5,0.0896274,134.162,-0.579693
29.5,7,4.43568,3.07692,5.53098,0.520137,5,0.270542,703.594,0.766573
29.5,8,4.55328,1.178,4.74778,0.712888,2,0.508209,1811.48,1.57007
30,0,5.99002,5.93634,3.6391,0.548302,21,0.300635,824.195,-0.870934
30,1,5.31126,4.4143,4.28901,0.0418201,7.5,0.00174892,0.3657,0.300276
30,2,5.52525,2.68823,0.654027,0.29113,6.5,0.0847565,123.376,-0.0852665
30,3,6.32379,3.53713,7.15995,1.10249,15,1.21548,6700.25,2.32581
30,4,4.3794,4.5194,7.70821,0.226642,6,0.0513664,58.2088,0.709935
30,5,7.1679,2.67005,5.30892,0.335213,4,0.112368,188.335,0.601267
30,6,4.63094,3.62562,4.56684,0.299378,3,0.0896274,134.162,-0.579693
30,7,4.377,3.34209,5.6004,0.520137,5.5,0.270542,703.594,0.766573
30,8,4.35456,1.27475,4.64069,0.712888,2.5,0.508209,1811.48,1.57007
30,9,5,1,5,0.176005,0.5,0.0309776,27.261,0.0725632
30.5,0,6.01427,6.05879,3.60707,0.548302,21.5,0.300635,824.195,-0.870934
30.5,1,5.3335,4.65818,4.23822,0.0418201,8,0.00174892,0.3657,0.300276
30.5,2,5.56903,2.82892,0.291863,0.29113,7,0.0847565,123.376,-0.0852665
30.5,3,6.38968,3.65535,7.26866,1.10249,15.5,1.21548,6700.25,2.32581
30.5,4,4.32298,4.83935,7.95441,0.226642,6.5,0.0513664,58.2088,0.709935
30.5,5,7.47761,2.90862,5.35305,0.335213,4.5,0.112368,188.335,0.601267
30.5,6,4.55713,4.15074,4.48021,0.299378,3.5,0.0896274,134.162,-0.579693
30.5,7,4.31832,3.60726,5.66981,0.520137,6,0.270542,703.594,0.766573
30.5,8,4.15585,1.3715,4.53361,0.712888,3,0.508209,1811.48,1.57007
30.5,9,5.20431,1.50284,5.21353,0.176005,1,0.0309776,27.261,0.0725632
30.5,10,5,1,5,0.25933,0.5,0.0672521,87.2024,-0.128701
31,0,6.03852,6.18123,3.57504,0.548302,22,0.300635,824.195,-0.870934
31,1,5.35573,4.90205,4.18744,0.0418201,8.5,0.00174892,0.3657,0.300276
31,2,6.45556,3.77357,7.37737,1.10249,16,1.21548,6700.25,2.32581
31,3,4.26656,5.15929,8.20061,0.226642,7,0.0513664,58.2088,0.709935
31,4,7.78731,3.1472,5.39718,0.335213,5,0.112368,188.335,0.601267
31,5,4.48332,4.67587,4.39358,0.299378,4,0.0896274,134.162,-0.579693
31,6,4.25963,3.87243,5.73923,0.520137,6.5,0.270542,703.594,0.766573
31,7,3.95713,1.46824,4.42653,0.712888,3.5,0.508209,1811.48,1.57007
31,8,5.40861,2.00568,5.42706,0.176005,1.5,0.0309776,27.261,0.0725632
31,9,4.8365,1.04205,4.99307,0.275572,1,0.0759402,104.635,0.129647
31.5,0,6.06277,6.30368,3.54301,0.548302,22.5,0.300635,824.195,-0.870934
31.5,1,5.37796,5.14593,4.13665,0.0418201,9,0.00174892,0.3657,0.300276
31.5,2,6.52145,3.89179,7.48609,1.10249,16.5,1.21548,6700.25,2.32581
31.5,3,4.21014,5.47924,8.44682,0.226642,7.5,0.0513664,58.2088,0.709935
31.5,4,8.09701,3.38578,5.44131,0.335213,5.5,0.112368,188.335,0.601267
31.5,5,4.40951,5.20099,4.30694,0.299378,4.5,0.0896274,134.162,-0.579693
31.5,6,4.20095,4.1376,5.80865,0.520137,7,0.270542,703.594,0.766573
31.5,7,3.75842,1.56499,4.31944,0.712888,4,0.508209,1811.48,1.57007
31.5,8,5.61292,2.50852,5.64059,0.176005,2,0.0309776,27.261,0.0725632
31.5,9,4.66875,1.10694,5.03647,0.275572,1.5,0.0759402,104.635,0.129647
31.5,10,5,1,5,0.190113,0.5,0.0361429,34.3562,0.537358
32,0,6.08701,6.42613,3.51098,0.548302,23,0.300635,824.195,-0.870934
32,1,5.40019,5.38981,4.08587,0.0418201,9.5,0.00174892,0.3657,0.300276
32,2,6.58734,4.01001,7.5948,1.10249,17,1.21548,6700.25,2.32581
32,3,4.15372,5.79918,8.69302,0.226642,8,0.0513664,58.2088,0.709935
32,4,8.40671,3.62436,5.48545,0.335213,6,0.112368,188.335,0.601267
32,5,4.33569,5.72611,4.22031,0.299378,5,0.0896274,134.162,-0.579693
32,6,4.14226,4.40277,5.87806,0.520137,7.5,0.270542,703.594,0.766573
32,7,3.55971,1.66173,4.21236,0.712888,4.5,0.508209,1811.48,1.57007
32,8,5.81722,3.01135,5.85412,0.176005,2.5,0.0309776,27.261,0.0725632
32,9,4.501,1.17184,5.07987,0.275572,2,0.0759402,104.635,0.129647
32,10,5.50237,1.23084,5.02505,0.190113,1,0.0361429,34.3562,0.537358
32,11,5,1,5,0.0432704,0.5,0.00187233,0.405082,0.667018
32.5,0,6.11126,6.54858,3.47895,0.548302,23.5,0.300635,824.195,-0.870934
32.5,1,5.42243,5.63369,4.03508,0.0418201,10,0.00174892,0.3657,0.300276
32.5,2,6.65322,4.12824,7.70351,1.10249,17.5,1.21548,6700.25,2.32581
32.5,3,4.0973,6.11913,8.93922,0.226642,8.5,0.0513664,58.2088,0.709935
32.5,4,8.71641,3.86293,5.52958,0.335213,6.5,0.112368,188.335,0.601267
32.5,5,4.26188,6.25124,4.13368,0.299378,5.5,0.0896274,134.162,-0.579693
32.5,6,4.08358,4.66794,5.94748,0.520137,8,0.270542,703.594,0.766573
32.5,7,3.36099,1.75848,4.10528,0.712888,5,0.508209,1811.48,1.57007
32.5,8,6.02153,3.51419,6.06765,0.176005,3,0.0309776,27.261,0.0725632
32.5,9,4.33326,1.23674,5.12327,0.275572,2.5,0.0759402,104.635,0.129647
32.5,10,6.00474,1.46168,5.0501,0.190113,1.5,0.0361429,34.3562,0.537358
32.5,11,5.19458,1.05172,5.51859,0.0432704,1,0.00187233,0.405082,0.667018
32.5,12,5,1,5,0.311823,0.5,0.0972338,151.599,0.3323
33,0,6.13551,6.67103,3.44692,0.548302,24,0.300635,824.195,-0.870934
33,1,5.44466,5.87757,3.9843,0.0418201,10.5,0.00174892,0.3657,0.300276
33,2,6.71911,4.24646,7.81222,1.10249,18,1.21548,6700.25,2.32581
33,3,4.04088,6.43907,9.18542,0.226642,9,0.0513664,58.2088,0.709935
33,4,9.02611,4.10151,5.57371,0.335213,7,0.112368,188.335,0.601267
33,5,4.18807,6.77636,4.04705,0.299378,6,0.0896274,134.162,-0.579693
33,6,4.02489,4.93311,6.0169,0.520137,8.5,0.270542,703.594,0.766573
33,7,3.16228,1.85523,3.99819,0.712888,5.5,0.508209,1811.48,1.57007
33,8,6.22583,4.01703,6.28118,0.176005,3.5,0.0309776,27.261,0.0725632
33,9,4.16551,1.30164,5.16667,0.275572,3,0.0759402,104.635,0.129647
33,10,6.50711,1.69252,5.07515,0.190113,2,0.0361429,34.3562,0.537358
33,11,5.38916,1.10343,6.03717,0.0432704,1.5,0.00187233,0.405082,0.667018
33,12,4.76482,1.05612,5.10153,0.313586,1,0.098336,154.184,0.113097
33.5,0,6.15976,6.79347,3.41489,0.548302,24.5,0.300635,824.195,-0.870934
33.5,1,5.46689,6.12145,3.93351,0.0418201,11,0.00174892,0.3657,0.300276
33.5,2,6.78499,4.36468,7.92094,1.10249,18.5,1.21548,6700.25,2.32581
33.5,3,3.98446,6.75902,9.43162,0.226642,9.5,0.0513664,58.2088,0.709935
33.5,4,9.33581,4.34009,5.61784,0.335213,7.5,0.112368,188.335,0.601267
33.5,5,4.11426,7.30148,3.96042,0.299378,6.5,0.0896274,134.162,-0.579693
33.5,6,3.96621,5.19828,6.08631,0.520137,9,0.270542,703.594,0.766573
33.5,7,2.96356,1.95197,3.89111,0.712888,6,0.508209,1811.48,1.57007
33.5,8,6.43014,4.51987,6.4947,0.176005,4,0.0309776,27.261,0.0725632
33.5,9,3.99776,1.36653,5.21007,0.275572,3.5,0.0759402,104.635,0.129647
33.5,10,7.00948,1.92337,5.1002,0.190113,2.5,0.0361429,34.3562,0.537358
33.5,11,5.58375,1.15515,6.55576,0.0432704,2,0.00187233,0.405082,0.667018
33.5,12,4.52727,1.11455,5.20414,0.313586,1.5,0.098336,154.184,0.113097
33.5,13,5,1,5,0.317707,0.5,0.100938,160.343,-0.228892
34,0,6.18401,6.91592,3.38286,0.548302,25,0.300635,824.195,-0.870934
34,1,5.48913,6.36532,3.88272,0.0418201,11.5,0.00174892,0.3657,0.300276
34,2,6.85088,4.4829,8.02965,1.10249,19,1.21548,6700.25,2.32581
34,3,3.92805,7.07896,9.67782,0.226642,10,0.0513664,58.2088,0.709935
34,4,9.64551,4.57867,5.66197,0.335213,8,0.112368,188.335,0.601267
34,5,4.04045,7.82661,3.87378,0.299378,7,0.0896274,134.162,-0.579693
34,6,3.90753,5.46345,6.15573,0.520137,9.5,0.270542,703.594,0.766573
34,7,2.76485,2.04872,3.78403,0.712888,6.5,0.508209,1811.48,1.57007
34,8,6.63444,5.02271,6.70823,0.176005,4.5,0.0309776,27.261,0.0725632
34,9,3.83002,1.43143,5.25347,0.275572,4,0.0759402,104.635,0.129647
34,10,7.51185,2.15421,5.12525,0.190113,3,0.0361429,34.3562,0.537358
34,11,5.77833,1.20686,7.07435,0.0432704,2.5,0.00187233,0.405082,0.667018
34,12,4.28971,1.17298,5.30675,0.313586,2,0.098336,154.184,0.113097
34,13,4.93966,1.01183,5.05591,0.539177,1,0.290711,783.724,-0.617211
34.5,0,6.20825,7.03837,3.35083,0.548302,25.5,0.300635,824.195,-0.870934
34.5,1,5.51136,6.6092,3.83194,0.0418201,12,0.00174892,0.3657,0.300276
34.5,2,6.91676,4.60112,8.13836,1.10249,19.5,1.21548,6700.25,2.32581
34.5,3,3.96664,8.35173,3.78715,0.299378,7.5,0.0896274,134.162,-0.579693
34.5,4,3.84884,5.72862,6.22515,0.520137,10,0.270542,703.594,0.766573
34.5,5,2.56613,2.14546,3.67695,0.712888,7,0.508209,1811.48,1.57007
34.5,6,6.83875,5.52555,6.92176,0.176005,5,0.0309776,27.261,0.0725632
34.5,7,3.66227,1.49633,5.29687,0.275572,4.5,0.0759402,104.635,0.129647
34.5,8,8.01422,2.38505,5.1503,0.190113,3.5,0.0361429,34.3562,0.537358
34.5,9,5.97291,1.25858,7.59294,0.0432704,3,0.00187233,0.405082,0.667018
34.5,10,4.05215,1.23141,5.40936,0.313586,2.5,0.098336,154.184,0.113097
34.5,11,5.26765,1.16929,4.77845,0.547154,1.5,0.299378,819.029,-1.3995
35,0,6.2325,7.16082,3.3188,0.548302,26,0.300635,824.195,-0.870934
35,1,5.53359,6.85308,3.78115,0.0418201,12.5,0.00174892,0.3657,0.300276
35,2,6.98265,4.71934,8.24707,1.10249,20,1.21548,6700.25,2.32581
35,3,3.89282,8.87685,3.70052,0.299378,8,0.0896274,134.162,-0.579693
35,4,3.79016,5.99379,6.29457,0.520137,10.5,0.270542,703.594,0.766573
35,5,2.36742,2.24221,3.56986,0.712888,7.5,0.508209,1811.48,1.57007
35,6,7.04306,6.02839,7.13529,0.176005,5.5,0.0309776,27.261,0.0725632
35,7,3.49452,1.56123,5.34027,0.275572,5,0.0759402,104.635,0.129647
35,8,8.51659,2.61589,5.17535,0.190113,4,0.0361429,34.3562,0.537358
35,9,6.16749,1.3103,8.11152,0.0432704,3.5,0.00187233,0.405082,0.667018
35,10,3.8146,1.28984,5.51197,0.313586,3,0.098336,154.184,0.113097
35,11,5.59826,1.33716,4.48848,0.547154,2,0.299378,819.029,-1.3995
35,12,5,1,5,0.00305579,0.5,9.33788e-06,0.000142673,0.569888
35.5,0,6.25675,7.28327,3.28677,0.548302,26.5,0.300635,824.195,-0.870934
35.5,1,5.55583,7.09696,3.73037,0.0418201,13,0.00174892,0.3657,0.300276
35.5,2,7.04854,4.83756,8.35579,1.10249,20.5,1.21548,6700.25,2.32581
35.5,3,3.81901,9.40198,3.61389,0.299378,8.5,0.0896274,134.162,-0.579693
35.5,4,3.73147,6.25896,6.36398,0.520137,11,0.270542,703.594,0.766573
35.5,5,2.1687,2.33896,3.46278,0.712888,8,0.508209,1811.48,1.57007
35.5,6,7.24736,6.53123,7.34882,0.176005,6,0.0309776,27.261,0.0725632
35.5,7,3.32677,1.62612,5.38367,0.275572,5.5,0.0759402,104.635,0.129647
35.5,8,9.01897,2.84673,5.2004,0.190113,4.5,0.0361429,34.3562,0.537358
35.5,9,6.36207,1.36201,8.63011,0.0432704,4,0.00187233,0.405082,0.667018
35.5,10,3.57704,1.34827,5.61458,0.313586,3.5,0.098336,154.184,0.113097
35.5,11,5.92887,1.50503,4.1985,0.547154,2.5,0.299378,819.029,-1.3995
35.5,12,5.05966,1.29554,4.97209,0.00305579,1,9.33788e-06,0.000142673,0.569888
35.5,13,5,1,5,0.159506,0.5,0.0254421,20.2908,0.902048
36,0,6.281,7.40572,3.25474,0.548302,27,0.300635,824.195,-0.870934
36,1,5.57806,7.34084,3.67958,0.0418201,13.5,0.00174892,0.3657,0.300276
36,2,7.11442,4.95578,8.4645,1.10249,21,1.21548,6700.25,2.32581
36,3,3.67279,6.52413,6.4334,0.520137,11.5,0.270542,703.594,0.766573
36,4,1.96999,2.4357,3.3557,0.712888,8.5,0.508209,1811.48,1.57007
36,5,7.45167,7.03406,7.56235,0.176005,6.5,0.0309776,27.261,0.0725632
36,6,3.15903,1.69102,5.42707,0.275572,6,0.0759402,104.635,0.129647
36,7,9.52134,3.07757,5.22545,0.190113,5,0.0361429,34.3562,0.537358
36,8,6.55665,1.41373,9.1487,0.0432704,4.5,0.00187233,0.405082,0.667018
36,9,3.33948,1.4067,5.71719,0.313586,4,0.098336,154.184,0.113097
36,10,6.25948,1.67291,3.90853,0.547154,3,0.299378,819.029,-1.3995
36,11,5.11931,1.59109,4.94418,0.00305579,1.5,9.33788e-06,0.000142673,0.569888
36,12,4.96193,1.00381,4.97606,0.422192,1,0.178246,376.271,0.133687
36.5,0,6.30525,7.52816,3.22271,0.548302,27.5,0.300635,824.195,-0.870934
36.5,1,5.60029,7.58472,3.6288,0.0418201,14,0.00174892,0.3657,0.300276
36.5,2,7.18031,5.07401,8.57321,1.10249,21.5,1.21548,6700.25,2.32581
36.5,3,3.61411,6.7893,6.50282,0.520137,12,0.270542,703.594,0.766573
36.5,4,1.77127,2.53245,3.24861,0.712888,9,0.508209,1811.48,1.57007
36.5,5,7.65597,7.5369,7.77588,0.176005,7,0.0309776,27.261,0.0725632
36.5,6,2.99128,1.75592,5.47047,0.275572,6.5,0.0759402,104.635,0.129647
36.5,7,6.75124,1.46544,9.66728,0.0432704,5,0.00187233,0.405082,0.667018
36.5,8,3.10193,1.46513,5.8198,0.313586,4.5,0.098336,154.184,0.113097
36.5,9,6.59008,1.84078,3.61856,0.547154,3.5,0.299378,819.029,-1.3995
36.5,10,5.17897,1.88663,4.91627,0.00305579,2,9.33788e-06,0.000142673,0.569888
36.5,11,5.02539,1.1449,4.94075,0.617211,1.5,0.380949,1175.63,0.0981315
37,0,6.32949,7.65061,3.19068,0.548302,28,0.300635,824.195,-0.870934
37,1,5.62253,7.82859,3.57801,0.0418201,14.5,0.00174892,0.3657,0.300276
37,2,7.24619,5.19223,8.68192,1.10249,22,1.21548,6700.25,2.32581
37,3,3.55542,7.05447,6.57223,0.520137,12.5,0.270542,703.594,0.766573
37,4,1.57256,2.62919,3.14153,0.712888,9.5,0.508209,1811.48,1.57007
37,5,7.86028,8.03974,7.98941,0.176005,7.5,0.0309776,27.261,0.0725632
37,6,2.82353,1.82082,5.51387,0.275572,7,0.0759402,104.635,0.129647
37,7,2.86437,1.52356,5.92241,0.313586,5,0.098336,154.184,0.113097
37,8,6.92069,2.00866,3.32858,0.547154,4,0.299378,819.029,-1.3995
37,9,5.23863,2.18217,4.88836,0.00305579,2.5,9.33788e-06,0.000142673,0.569888
37,10,5.11257,1.24327,4.86187,0.758846,2,0.575848,2184.9,-0.860246
37.5,0,6.35374,7.77306,3.15865,0.548302,28.5,0.300635,824.195,-0.870934
37.5,1,5.64476,8.07247,3.52723,0.0418201,15,0.00174892,0.3657,0.300276
37.5,2,7.31208,5.31045,8.79064,1.10249,22.5,1.21548,6700.25,2.32581
37.5,3,3.49674,7.31964,6.64165,0.520137,13,0.270542,703.594,0.766573
37.5,4,1.37384,2.72594,3.03445,0.712888,10,0.508209,1811.48,1.57007
37.5,5,8.06458,8.54258,8.20294,0.176005,8,0.0309776,27.261,0.0725632
37.5,6,2.65579,1.88571,5.55727,0.275572,7.5,0.0759402,104.635,0.129647
37.5,7,2.62681,1.58199,6.02502,0.313586,5.5,0.098336,154.184,0.113097
37.5,8,7.2513,2.17653,3.03861,0.547154,4.5,0.299378,819.029,-1.3995
37.5,9,5.29828,2.47772,4.86044,0.00305579,3,9.33788e-06,0.000142673,0.569888
37.5,10,5.20807,1.431,4.76339,0.807796,2.5,0.652534,2635.57,-1.39034
38,0,6.37799,7.89551,3.12662,0.548302,29,0.300635,824.195,-0.870934
38,1,5.66699,8.31635,3.47644,0.0418201,15.5,0.00174892,0.3657,0.300276
38,2,3.43805,7.58481,6.71107,0.520137,13.5,0.270542,703.594,0.766573
38,3,1.17513,2.82269,2.92736,0.712888,10.5,0.508209,1811.48,1.57007
38,4,8.26889,9.04542,8.41647,0.176005,8.5,0.0309776,27.261,0.0725632
38,5,2.48804,1.95061,5.60067,0.275572,8,0.0759402,104.635,0.129647
38,6,2.38926,1.64042,6.12763,0.313586,6,0.098336,154.184,0.113097
38,7,7.58191,2.34441,2.74864,0.547154,5,0.299378,819.029,-1.3995
38,8,5.35794,2.77326,4.83253,0.00305579,3.5,9.33788e-06,0.000142673,0.569888
38,9,5.2439,1.59277,4.68787,0.854472,3,0.730122,3119.34,-2.24532
38.5,0,6.40224,8.01796,3.09459,0.548302,29.5,0.300635,824.195,-0.870934
38.5,1,5.68922,8.56023,3.42566,0.0418201,16,0.00174892,0.3657,0.300276
38.5,2,3.37937,7.84998,6.78048,0.520137,14,0.270542,703.594,0.766573
38.5,3,0.976412,2.91943,2.82028,0.712888,11,0.508209,1811.48,1.57007
38.5,4,8.4732,9.54826,8.63,0.176005,9,0.0309776,27.261,0.0725632
38.5,5,2.32029,2.01551,5.64407,0.275572,8.5,0.0759402,104.635,0.129647
38.5,6,2.1517,1.69885,6.23024,0.313586,6.5,0.098336,154.184,0.113097
38.5,7,7.91251,2.51228,2.45866,0.547154,5.5,0.299378,819.029,-1.3995
38.5,8,5.4176,3.06881,4.80462,0.00305579,4,9.33788e-06,0.000142673,0.569888
38.5,9,5.28984,1.80942,4.5811,0.854472,3.5,0.730122,3119.34,-2.24532
38.5,10,5,1,5,0.335302,0.5,0.112428,188.486,0.487025
39,0,6.42649,8.1404,3.06256,0.548302,30,0.300635,824.195,-0.870934
39,1,5.71146,8.80411,3.37487,0.0418201,16.5,0.00174892,0.3657,0.300276
39,2,3.32068,8.11515,6.8499,0.520137,14.5,0.270542,703.594,0.766573
39,3,0.777697,3.01618,2.7132,0.712888,11.5,0.508209,1811.48,1.57007
39,4,2.15254,2.08041,5.68747,0.275572,9,0.0759402,104.635,0.129647
39,5,1.91414,1.75728,6.33285,0.313586,7,0.098336,154.184,0.113097
39,6,8.24312,2.68016,2.16869,0.547154,6,0.299378,819.029,-1.3995
39,7,5.47725,3.36435,4.77671,0.00305579,4.5,9.33788e-06,0.000142673,0.569888
39,8,5.33579,2.02607,4.47432,0.854472,4,0.730122,3119.34,-2.24532
39,9,4.95215,1.02579,5.13474,0.4853,1,0.235516,571.481,-0.411315
39.5,0,6.45074,8.26285,3.03053,0.548302,30.5,0.300635,824.195,-0.870934
39.5,1,5.73369,9.04799,3.32409,0.0418201,17,0.00174892,0.3657,0.300276
39.5,2,3.262,8.38032,6.91932,0.520137,15,0.270542,703.594,0.766573
39.5,3,1.9848,2.1453,5.73087,0.275572,9.5,0.0759402,104.635,0.129647
39.5,4,1.67659,1.81572,6.43546,0.313586,7.5,0.098336,154.184,0.113097
39.5,5,8.57373,2.84803,1.87872,0.547154,6.5,0.299378,819.029,-1.3995
39.5,6,5.53691,3.65989,4.7488,0.00305579,5,9.33788e-06,0.000142673,0.569888
39.5,7,5.38173,2.24272,4.36754,0.854472,4.5,0.730122,3119.34,-2.24532
39.5,8,4.92373,1.04519,5.24431,0.548727,1.5,0.301101,826.113,0.165128
40,0,6.47498,8.3853,2.9985,0.548302,31,0.300635,824.195,-0.870934
40,1,5.75592,9.29186,3.2733,0.0418201,17.5,0.00174892,0.3657,0.300276
40,2,3.20332,8.64549,6.98873,0.520137,15.5,0.270542,703.594,0.766573
40,3,1.81705,2.2102,5.77427,0.275572,10,0.0759402,104.635,0.129647
40,4,1.43903,1.87415,6.53807,0.313586,8,0.098336,154.184,0.113097
40,5,8.90434,3.0159,1.58874,0.547154,7,0.299378,819.029,-1.3995
40,6,5.59657,3.95544,4.72089,0.00305579,5.5,9.33788e-06,0.000142673,0.569888
40,7,5.42767,2.45937,4.26077,0.854472,5,0.730122,3119.34,-2.24532
40,8,4.88645,1.07519,5.19199,0.704709,2,0.496615,1749.85,-0.563196
40.5,0,6.49923,8.50775,2.96647,0.548302,31.5,0.300635,824.195,-0.870934
40.5,1,5.77816,9.53574,3.22252,0.0418201,18,0.00174892,0.3657,0.300276
40.5,2,3.14463,8.91066,7.05815,0.520137,16,0.270542,703.594,0.766573
40.5,3,1.6493,2.2751,5.81767,0.275572,10.5,0.0759402,104.635,0.129647
40.5,4,1.20147,1.93258,6.64068,0.313586,8.5,0.098336,154.184,0.113097
40.5,5,9.23495,3.18378,1.29877,0.547154,7.5,0.299378,819.029,-1.3995
40.5,6,5.65622,4.25098,4.69298,0.00305579,6,9.33788e-06,0.000142673,0.569888
40.5,7,5.47361,2.67602,4.15399,0.854472,5.5,0.730122,3119.34,-2.24532
40.5,8,4.74821,1.1444,5.07946,0.740425,2.5,0.548229,2029.61,0.338279
41,0,6.52348,8.6302,2.93444,0.548302,32,0.300635,824.195,-0.870934
41,1,5.80039,9.77962,3.17173,0.0418201,18.5,0.00174892,0.3657,0.300276
41,2,3.08595,9.17583,7.12757,0.520137,16.5,0.270542,703.594,0.766573
41,3,1.48156,2.34,5.86107,0.275572,11,0.0759402,104.635,0.129647
41,4,0.963916,1.99101,6.74329,0.313586,9,0.098336,154.184,0.113097
41,5,5.71588,4.54652,4.66507,0.00305579,6.5,9.33788e-06,0.000142673,0.569888
41,6,5.51955,2.89267,4.04721,0.854472,6,0.730122,3119.34,-2.24532
41,7,4.63519,1.20916,4.98435,0.785786,3,0.61746,2425.96,-0.48215
41.5,0,6.54773,8.75264,2.90241,0.548302,32.5,0.300635,824.195,-0.870934
41.5,1,3.02726,9.441,7.19699,0.520137,17,0.270542,703.594,0.766573
41.5,2,1.31381,2.40489,5.90447,0.275572,11.5,0.0759402,104.635,0.129647
41.5,3,0.72636,2.04944,6.8459,0.313586,9.5,0.098336,154.184,0.113097
41.5,4,5.77554,4.84207,4.63716,0.00305579,7,9.33788e-06,0.000142673,0.569888
41.5,5,5.5655,3.10932,3.94044,0.854472,6.5,0.730122,3119.34,-2.24532
41.5,6,4.54528,1.29316,4.93035,0.803575,3.5,0.645733,2594.47,-0.687156
42,0,6.57198,8.87509,2.87038,0.548302,33,0.300635,824.195,-0.870934
42,1,1.14606,2.46979,5.94787,0.275572,12,0.0759402,104.635,0.129647
42,2,0.488803,2.10787,6.94851,0.313586,10,0.098336,154.184,0.113097
42,3,5.83519,5.13761,4.60924,0.00305579,7.5,9.33788e-06,0.000142673,0.569888
42,4,5.61144,3.32597,3.83366,0.854472,7,0.730122,3119.34,-2.24532
42,5,4.45411,1.38396,4.89625,0.827564,4,0.684863,2833.84,-0.642198
42.5,0,6.59622,8.99754,2.83835,0.548302,33.5,0.300635,824.195,-0.870934
42.5,1,0.978314,2.53469,5.99127,0.275572,12.5,0.0759402,104.635,0.129647
42.5,2,5.89485,5.43315,4.58133,0.00305579,8,9.33788e-06,0.000142673,0.569888
42.5,3,5.65738,3.54262,3.72688,0.854472,7.5,0.730122,3119.34,-2.24532
42.5,4,4.33193,1.49335,4.84708,0.827564,4.5,0.684863,2833.84,-0.642198
42.5,5,5,1,5,0.253177,0.5,0.0640987,81.1417,-0.196525
43,0,6.62047,9.11999,2.80632,0.548302,34,0.300635,824.195,-0.870934
43,1,0.810567,2.59959,6.03467,0.275572,13,0.0759402,104.635,0.129647
43,2,5.95451,5.7287,4.55342,0.00305579,8.5,9.33788e-06,0.000142673,0.569888
43,3,5.70332,3.75928,3.62011,0.854472,8,0.730122,3119.34,-2.24532
43,4,4.20976,1.60273,4.79791,0.827564,5,0.684863,2833.84,-0.642198
43,5,4.96504,1.02656,4.84289,0.296186,1,0.087726,129.916,0.454207
43.5,0,6.64472,9.24244,2.77429,0.548302,34.5,0.300635,824.195,-0.870934
43.5,1,0.64282,2.66448,6.07807,0.275572,13.5,0.0759402,104.635,0.129647
43.5,2,6.01416,6.02424,4.52551,0.00305579,9,9.33788e-06,0.000142673,0.569888
43.5,3,5.74926,3.97593,3.51333,0.854472,8.5,0.730122,3119.34,-2.24532
43.5,4,4.08759,1.71212,4.74874,0.827564,5.5,0.684863,2833.84,-0.642198
43.5,5,4.93702,1.08552,4.8169,0.344726,1.5,0.118836,204.83,-0.36734
44,0,6.66897,9.36489,2.74226,0.548302,35,0.300635,824.195,-0.870934
44,1,0.475073,2.72938,6.12147,0.275572,14,0.0759402,104.635,0.129647
44,2,6.07382,6.31978,4.4976,0.00305579,9.5,9.33788e-06,0.000142673,0.569888
44,3,5.79521,4.19258,3.40655,0.854472,9,0.730122,3119.34,-2.24532
44,4,3.96541,1.8215,4.69957,0.827564,6,0.684863,2833.84,-0.642198
44,5,5.00758,1.086,4.93806,0.583347,2,0.340294,992.546,-0.860915
44.5,0,0.307326,2.79428,6.16487,0.275572,14.5,0.0759402,104.635,0.129647
44.5,1,6.13348,6.61533,4.46969,0.00305579,10,9.33788e-06,0.000142673,0.569888
44.5,2,5.84115,4.40923,3.29978,0.854472,9.5,0.730122,3119.34,-2.24532
44.5,3,3.84324,1.93089,4.6504,0.827564,6.5,0.684863,2833.84,-0.642198
44.5,4,5.03349,1.15608,4.86167,0.649563,2.5,0.421932,1370.36,-0.212653
45,0,6.19313,6.91087,4.44178,0.00305579,10.5,9.33788e-06,0.000142673,0.569888
45,1,5.88709,4.62588,3.193,0.854472,10,0.730122,3119.34,-2.24532
45,2,3.72107,2.04027,4.60123,0.827564,7,0.684863,2833.84,-0.642198
45,3,5.00565,1.32224,4.7859,0.663856,3,0.440704,1462.82,-0.962062
45.5,0,6.25279,7.20642,4.41387,0.00305579,11,9.33788e-06,0.000142673,0.569888
45.5,1,5.93303,4.84253,3.08622,0.854472,10.5,0.730122,3119.34,-2.24532
45.5,2,3.59889,2.14966,4.55206,0.827564,7.5,0.684863,2833.84,-0.642198
45.5,3,4.97252,1.4983,4.702,0.664513,3.5,0.441577,1467.17,-0.29983
46,0,6.31245,7.50196,4.38596,0.00305579,11.5,9.33788e-06,0.000142673,0.569888
46,1,5.97897,5.05918,2.97945,0.854472,11,0.730122,3119.34,-2.24532
46,2,3.47672,2.25904,4.50289,0.827564,8,0.684863,2833.84,-0.642198
46,3,4.94006,1.67584,4.61749,0.664513,4,0.441577,1467.17,-0.29983
46,4,5,1,5,0.0989008,0.5,0.00978137,4.83693,0.459381
46.5,0,6.3721,7.7975,4.35805,0.00305579,12,9.33788e-06,0.000142673,0.569888
46.5,1,6.02492,5.27583,2.87267,0.854472,11.5,0.730122,3119.34,-2.24532
46.5,2,3.35454,2.36843,4.45372,0.827564,8.5,0.684863,2833.84,-0.642198
46.5,3,4.9076,1.85337,4.53298,0.664513,4.5,0.441577,1467.17,-0.29983
46.5,4,5.64904,1.25774,5.01753,0.0989008,1,0.00978137,4.83693,0.459381
46.5,5,5,1,5,0.287314,0.5,0.0825495,118.588,0.798964
47,0,6.43176,8.09305,4.33013,0.00305579,12.5,9.33788e-06,0.000142673,0.569888
47,1,6.07086,5.49248,2.76589,0.854472,12,0.730122,3119.34,-2.24532
47,2,3.23237,2.47781,4.40454,0.827564,9,0.684863,2833.84,-0.642198
47,3,4.87514,2.03091,4.44847,0.664513,5,0.441577,1467.17,-0.29983
47,4,6.29808,1.51548,5.03507,0.0989008,1.5,0.00978137,4.83693,0.459381
47,5,4.93871,1.07254,5.06549,0.484616,1,0.234853,569.067,-0.0273953
47.5,0,6.49142,8.38859,4.30222,0.00305579,13,9.33788e-06,0.000142673,0.569888
47.5,1,6.1168,5.70913,2.65912,0.854472,12.5,0.730122,3119.34,-2.24532
47.5,2,3.1102,2.5872,4.35537,0.827564,9.5,0.684863,2833.84,-0.642198
47.5,3,4.84268,2.20844,4.36395,0.664513,5.5,0.441577,1467.17,-0.29983
47.5,4,6.94712,1.77322,5.0526,0.0989008,2,0.00978137,4.83693,0.459381
47.5,5,4.82766,1.11777,4.92852,0.594211,1.5,0.353087,1049.04,0.302324
48,0,6.55107,8.68413,4.27431,0.00305579,13.5,9.33788e-06,0.000142673,0.569888
48,1,6.16274,5.92578,2.55234,0.854472,13,0.730122,3119.34,-2.24532
48,2,2.98802,2.69658,4.3062,0.827564,10,0.684863,2833.84,-0.642198
48,3,4.81022,2.38598,4.27944,0.664513,6,0.441577,1467.17,-0.29983
48,4,7.59616,2.03096,5.07014,0.0989008,2.5,0.00978137,4.83693,0.459381
48,5,4.63368,1.29794,4.91451,0.60455,2,0.365481,1104.76,-0.413526
48.5,0,6.61073,8.97968,4.2464,0.00305579,14,9.33788e-06,0.000142673,0.569888
48.5,1,6.20869,6.14243,2.44556,0.854472,13.5,0.730122,3119.34,-2.24532
48.5,2,2.86585,2.80597,4.25703,0.827564,10.5,0.684863,2833.84,-0.642198
48.5,3,4.77777,2.56351,4.19493,0.664513,6.5,0.441577,1467.17,-0.29983
48.5,4,8.2452,2.2887,5.08767,0.0989008,3,0.00978137,4.83693,0.459381
48.5,5,4.43141,1.48722,4.89081,0.60455,2.5,0.365481,1104.76,-0.413526
48.5,6,5,1,5,0.307799,0.5,0.09474,145.804,0.497791
49,0,6.67039,9.27522,4.21849,0.00305579,14.5,9.33788e-06,0.000142673,0.569888
49,1,6.25463,6.35908,2.33879,0.854472,14,0.730122,3119.34,-2.24532
49,2,2.74368,2.91535,4.20786,0.827564,11,0.684863,2833.84,-0.642198
49,3,4.74531,2.74104,4.11042,0.664513,7,0.441577,1467.17,-0.29983
49,4,8.89424,2.54644,5.10521,0.0989008,3.5,0.00978137,4.83693,0.459381
49,5,4.22914,1.67649,4.8671,0.60455,3,0.365481,1104.76,-0.413526
49,6,4.82949,1.03613,4.95933,0.328907,1,0.10818,177.905,1.40157
49.5,0,6.73004,9.57076,4.19058,0.00305579,15,9.33788e-06,0.000142673,0.569888
49.5,1,6.30057,6.57573,2.23201,0.854472,14.5,0.730122,3119.34,-2.24532
49.5,2,2.6215,3.02474,4.15869,0.827564,11.5,0.684863,2833.84,-0.642198
49.5,3,4.71285,2.91858,4.02591,0.664513,7.5,0.441577,1467.17,-0.29983
49.5,4,9.54328,2.80418,5.12274,0.0989008,4,0.00978137,4.83693,0.459381
49.5,5,4.02687,1.86576,4.8434,0.60455,3.5,0.365481,1104.76,-0.413526
49.5,6,4.66992,1.09911,4.91512,0.328907,1.5,0.10818,177.905,1.40157
49.5,7,5,1,5,0.0731961,0.5,0.00535767,1.9608,0.254972
50,0,6.7897,9.86631,4.16267,0.00305579,15.5,9.33788e-06,0.000142673,0.569888
50,1,6.34651,6.79238,2.12523,0.854472,15,0.730122,3119.34,-2.24532
50,2,2.49933,3.13412,4.10952,0.827564,12,0.684863,2833.84,-0.642198
50,3,4.68039,3.09611,3.94139,0.664513,8,0.441577,1467.17,-0.29983
50,4,3.8246,2.05503,4.8197,0.60455,4,0.365481,1104.76,-0.413526
50,5,4.51034,1.16208,4.87092,0.328907,2,0.10818,177.905,1.40157
50,6,5.04641,1.2673,5.04061,0.0731961,1,0.00535767,1.9608,0.254972
50.5,0,6.39245,7.00903,2.01846,0.854472,15.5,0.730122,3119.34,-2.24532
50.5,1,2.37715,3.24351,4.06035,0.827564,12.5,0.684863,2833.84,-0.642198
50.5,2,4.64793,3.27365,3.85688,0.664513,8.5,0.441577,1467.17,-0.29983
50.5,3,3.62233,2.2443,4.796,0.60455,4.5,0.365481,1104.76,-0.413526
50.5,4,4.35076,1.22505,4.82671,0.328907,2.5,0.10818,177.905,1.40157
50.5,5,5.09282,1.53459,5.08121,0.0731961,1.5,0.00535767,1.9608,0.254972
51,0,6.4384,7.22568,1.91168,0.854472,16,0.730122,3119.34,-2.24532
51,1,2.25498,3.35289,4.01118,0.827564,13,0.684863,2833.84,-0.642198
51,2,4.61547,3.45118,3.77237,0.664513,9,0.441577,1467.17,-0.29983
51,3,3.42006,2.43358,4.7723,0.60455,5,0.365481,1104.76,-0.413526
51,4,4.19119,1.28802,4.78251,0.328907,3,0.10818,177.905,1.40157
51,5,5.13923,1.80189,5.12182,0.0731961,2,0.00535767,1.9608,0.254972
51.5,0,6.48434,7.44233,1.8049,0.854472,16.5,0.730122,3119.34,-2.24532
51.5,1,2.13281,3.46228,3.96201,0.827564,13.5,0.684863,2833.84,-0.642198
51.5,2,4.58301,3.62872,3.68786,0.664513,9.5,0.441577,1467.17,-0.29983
51.5,3,3.21779,2.62285,4.74859,0.60455,5.5,0.365481,1104.76,-0.413526
51.5,4,4.03161,1.35099,4.7383,0.328907,3.5,0.10818,177.905,1.40157
51.5,5,5.18564,2.06919,5.16243,0.0731961,2.5,0.00535767,1.9608,0.254972
52,0,6.53028,7.65898,1.69813,0.854472,17,0.730122,3119.34,-2.24532
52,1,2.01063,3.57166,3.91284,0.827564,14,0.684863,2833.84,-0.642198
52,2,4.55055,3.80625,3.60335,0.664513,10,0.441577,1467.17,-0.29983
52,3,3.01552,2.81212,4.72489,0.60455,6,0.365481,1104.76,-0.413526
52,4,3.87204,1.41397,4.6941,0.328907,4,0.10818,177.905,1.40157
52,5,5.23205,2.33648,5.20303,0.0731961,3,0.00535767,1.9608,0.254972
52.5,0,6.57622,7.87563,1.59135,0.854472,17.5,0.730122,3119.34,-2.24532
52.5,1,1.88846,3.68105,3.86367,0.827564,14.5,0.684863,2833.84,-0.642198
52.5,2,4.51809,3.98379,3.51883,0.664513,10.5,0.441577,1467.17,-0.29983
52.5,3,2.81325,3.00139,4.70119,0.60455,6.5,0.365481,1104.76,-0.413526
52.5,4,3.71246,1.47694,4.64989,0.328907,4.5,0.10818,177.905,1.40157
52.5,5,5.27846,2.60378,5.24364,0.0731961,3.5,0.00535767,1.9608,0.254972
53,0,6.62216,8.09228,1.48457,0.854472,18,0.730122,3119.34,-2.24532
53,1,1.76629,3.79043,3.8145,0.827564,15,0.684863,2833.84,-0.642198
53,2,4.48563,4.16132,3.43432,0.664513,11,0.441577,1467.17,-0.29983
53,3,2.61098,3.19067,4.67749,0.60455,7,0.365481,1104.76,-0.413526
53,4,3.55289,1.53991,4.60569,0.328907,5,0.10818,177.905,1.40157
53,5,5.32487,2.87108,5.28425,0.0731961,4,0.00535767,1.9608,0.254972
53.5,0,6.66811,8.30893,1.3778,0.854472,18.5,0.730122,3119.34,-2.24532
53.5,1,1.64411,3.89982,3.76533,0.827564,15.5,0.684863,2833.84,-0.642198
53.5,2,4.45317,4.33885,3.34981,0.664513,11.5,0.441577,1467.17,-0.29983
53.5,3,2.40871,3.37994,4.65378,0.60455,7.5,0.365481,1104.76,-0.413526
53.5,4,3.39331,1.60288,4.56148,0.328907,5.5,0.10818,177.905,1.40157
53.5,5,5.37128,3.13837,5.32485,0.0731961,4.5,0.00535767,1.9608,0.254972
54,0,6.71405,8.52559,1.27102,0.854472,19,0.730122,3119.34,-2.24532
54,1,1.52194,4.0092,3.71615,0.827564,16,0.684863,2833.84,-0.642198
54,2,4.42071,4.51639,3.2653,0.664513,12,0.441577,1467.17,-0.29983
54,3,2.20644,3.56921,4.63008,0.60455,8,0.365481,1104.76,-0.413526
54,4,3.23373,1.66586,4.51728,0.328907,6,0.10818,177.905,1.40157
54,5,5.41769,3.40567,5.36546,0.0731961,5,0.00535767,1.9608,0.254972
54.5,0,6.75999,8.74224,1.16424,0.854472,19.5,0.730122,3119.34,-2.24532
54.5,1,1.39976,4.11859,3.66698,0.827564,16.5,0.684863,2833.84,-0.642198
54.5,2,4.38825,4.69392,3.18079,0.664513,12.5,0.441577,1467.17,-0.29983
54.5,3,2.00417,3.75848,4.60638,0.60455,8.5,0.365481,1104.76,-0.413526
54.5,4,3.07416,1.72883,4.47307,0.328907,6.5,0.10818,177.905,1.40157
54.5,5,5.4641,3.67296,5.40607,0.0731961,5.5,0.00535767,1.9608,0.254972
